Type,Units,Time,Velocity,Barometric Pressure,Temperature,Humidity,Dynamic Pressure,Model Pressure,Speed,Frequency,Power,Torque,Current,Yaw Pos,Pitch Pos,Drag Force,Side Force,Lift Force,Roll Moment,Pitch Moment,Yaw Moment,Valve Position,cDAQ1Mod2/ai1,cDAQ1Mod2/ai10,cDAQ1Mod2/ai11,cDAQ1Mod2/ai12,cDAQ1Mod2/ai13,N1,N2,S1,S2,RM,AF
Type,USC / SI,Time,fps / m/s,PSI / Pascals,°F / °C,% / %,PSI / Pascals,PSI / Pascals,RPM / RPM,Hertz / Hertz,Horsepower / kW,% / %,Amps / Amperes,Deg / Deg,Deg / Deg,lbf / N,lbf / N,lbf / N,ft-lb / N-m,ft-lb / N-m,ft-lb / N-m,% / %, / , / , / , / , / ,mV / mV,mV / mV,mV / mV,mV / mV,mV / mV,mV / mV
Mult,USC,220307 02:20:58.176031,   49.714913,   14.570060,   71.324101,   54.965615,    0.019650,   -0.000200,  278.274545,   13.917000,    3.084346,    0.660000,   74.000000,    0.000000,   -3.999873,   -0.048173,   -0.042082,   -0.785078,   -0.171350,    5.269530,    0.067614,   -2.836860,    1.035187,   -0.000000,    0.000000,    0.000002,   -0.000002,    0.000010,    0.000010,    0.000010,    0.000009,    0.000010,    0.000010
Mult,USC,220307 02:20:58.276031,   49.992527,   14.570070,   71.325085,   54.987431,    0.019870,   -0.000200,  278.452167,   13.923000,    2.950244,    0.750000,   74.000000,    0.000000,   -3.999914,   -0.051758,   -0.038811,   -0.786789,   -0.171880,    5.288470,    0.058763,   -2.695653,    1.037111,   -0.000000,   -0.000000,    0.000002,   -0.000002,    0.000010,    0.000010,    0.000010,    0.000009,    0.000010,    0.000010
Mult,USC,220307 02:20:58.376030,   49.711569,   14.570060,   71.262577,   54.890620,    0.019650,   -0.000210,  278.511374,   13.926000,    3.084346,    0.980000,   74.000000,    0.000000,   -3.999955,   -0.052500,   -0.039606,   -0.785325,   -0.185745,    5.272047,    0.048134,   -2.992818,    1.032389,    0.000000,   -0.000000,   -0.000003,    0.000000,    0.000010,    0.000010,    0.000009,    0.000010,    0.000010,    0.000010
Mult,USC,220307 02:20:58.476030,   49.926339,   14.570090,   71.264359,   54.955417,    0.019820,   -0.000210,  278.688996,   13.932000,    3.084346,    0.490000,   74.000000,    0.000000,   -3.999989,   -0.051171,   -0.040537,   -0.783415,   -0.203655,    5.303365,    0.025352,   -3.204915,    1.038908,    0.000000,    0.000000,   -0.000002,   -0.000002,    0.000010,    0.000010,    0.000011,    0.000010,    0.000010,    0.000010
Mult,USC,220307 02:20:58.576030,   50.252314,   14.570090,   71.259497,   54.883658,    0.020080,   -0.000210,  278.807411,   13.938000,    2.950244,    0.620000,   74.000000,    0.000000,   -4.000021,   -0.052831,   -0.047531,   -0.775662,   -0.198631,    5.264999,    0.048760,   -3.235496,    1.040798,    0.000001,   -0.000000,   -0.000003,   -0.000000,    0.000009,    0.000010,    0.000010,    0.000010,    0.000010,    0.000010
Mult,USC,220307 02:20:58.676030,   49.893735,   14.570100,   71.366450,   54.931226,    0.019790,   -0.000210,  278.925826,   13.944000,    2.950244,    0.610000,   74.000000,    0.000000,   -4.000051,   -0.052539,   -0.048001,   -0.793572,   -0.180603,    5.294320,    0.092213,   -3.324696,    1.037096,   -0.000000,   -0.000000,    0.000002,    0.000001,    0.000010,    0.000010,    0.000010,    0.000010,    0.000010,    0.000010
Mult,USC,220307 02:20:58.776030,   50.127366,   14.570130,   71.267837,   54.873460,    0.019980,   -0.000220,  278.985033,   13.950000,    2.816142,    0.000000,   74.000000,    0.000000,   -4.000077,   -0.047490,   -0.041583,   -0.783959,   -0.187264,    5.263682,    0.064256,   -3.430872,    1.037458,   -0.000000,   -0.000000,   -0.000003,    0.000003,    0.000010,    0.000010,    0.000010,    0.000010,    0.000010,    0.000010
Mult,USC,220307 02:20:58.876030,   49.838642,   14.570170,   71.276261,   54.984311,    0.019750,   -0.000220,  279.044241,   13.950000,    2.682040,    0.180000,   74.000000,    0.000000,   -4.000101,   -0.050805,   -0.039040,   -0.785461,   -0.193217,    5.294801,    0.013101,   -3.384841,    1.034481,    0.000000,    0.000000,   -0.000001,   -0.000002,    0.000010,    0.000010,    0.000011,    0.000010,    0.000010,    0.000010
Mult,USC,220307 02:20:58.976030,   50.302672,   14.570120,   71.262640,   54.973973,    0.020120,   -0.000220,  279.103448,   13.953000,    2.682040,    0.030000,   74.000000,    0.000000,   -4.000118,   -0.048498,   -0.044593,   -0.794480,   -0.215782,    5.307764,    0.011186,   -3.429346,    1.037258,    0.000000,    0.000000,   -0.000001,   -0.000003,    0.000010,    0.000011,    0.000011,    0.000010,    0.000010,    0.000010
Mult,USC,220307 02:20:59.076030,   50.102035,   14.570120,   71.260461,   54.926662,    0.019960,   -0.000210,  279.162655,   13.956000,    2.682040,    0.220000,   74.000000,    0.000000,   -4.000139,   -0.051746,   -0.046889,   -0.791682,   -0.186081,    5.304879,    0.121284,   -3.340655,    1.040834,    0.000001,   -0.000000,   -0.000003,    0.000001,    0.000011,    0.000011,    0.000011,    0.000010,    0.000011,    0.000011
Mult,USC,220307 02:20:59.176030,   49.596081,   14.570130,   71.233744,   54.926359,    0.019560,   -0.000200,  279.162655,   13.956000,    2.816142,    0.040000,   74.000000,    0.000000,   -4.000156,   -0.049770,   -0.048234,   -0.792855,   -0.195193,    5.310917,    0.093866,   -3.242935,    1.037542,    0.000000,   -0.000000,   -0.000003,   -0.000001,    0.000011,    0.000010,    0.000010,    0.000011,    0.000011,    0.000010
Mult,USC,220307 02:20:59.276030,   49.787105,   14.570090,   71.254342,   54.963403,    0.019710,   -0.000200,  279.162655,   13.956000,    2.682040,   -9.850000,   74.000000,    0.000000,   -4.000174,   -0.050441,   -0.048440,   -0.793327,   -0.196889,    5.313251,    0.070919,   -3.388402,    1.038948,    0.000000,   -0.000000,   -0.000002,   -0.000002,    0.000010,    0.000011,    0.000010,    0.000010,    0.000010,    0.000011
Mult,USC,220307 02:20:59.376029,   49.812428,   14.570090,   71.255369,   54.970364,    0.019730,   -0.000200,  279.162655,   13.956000,    2.816142,    0.490000,   74.000000,    0.000000,   -4.000186,   -0.051458,   -0.046883,   -0.788278,   -0.204143,    5.318570,    0.005099,   -3.306894,    1.038616,    0.000000,    0.000000,   -0.000001,   -0.000002,    0.000010,    0.000010,    0.000010,    0.000010,    0.000010,    0.000010
Mult,USC,220307 02:20:59.476029,   49.778145,   14.570150,   71.330953,   54.892133,    0.019700,   -0.000200,  279.162655,   13.959000,    2.950244,    0.760000,   74.000000,    0.000002,   -4.000197,   -0.052489,   -0.037506,   -0.790703,   -0.196422,    5.311106,    0.045928,   -3.282480,    1.041290,   -0.000000,   -0.000000,    0.000002,    0.000001,    0.000010,    0.000009,    0.000010,    0.000010,    0.000010,    0.000010
Mult,USC,220307 02:20:59.576029,   49.715199,   14.570140,   71.333404,   54.942681,    0.019650,   -0.000200,  279.221863,   13.962000,    2.950244,    0.760000,   74.000000,    0.000000,   -4.000208,   -0.048944,   -0.038037,   -0.781478,   -0.189747,    5.285049,    0.062475,   -3.436022,    1.035582,   -0.000000,   -0.000000,    0.000003,    0.000001,    0.000009,    0.000010,    0.000010,    0.000010,    0.000010,    0.000010
Mult,USC,220307 02:20:59.676029,   50.002221,   14.570130,   71.271567,   54.982751,    0.019880,   -0.000200,  279.281070,   13.965000,    3.084346,    0.750000,   74.000000,    0.000000,   -4.000221,   -0.050440,   -0.036335,   -0.785862,   -0.176898,    5.289041,    0.059374,   -3.068158,    1.040800,   -0.000000,    0.000000,    0.000001,   -0.000003,    0.000009,    0.000010,    0.000009,    0.000009,    0.000009,    0.000009
Mult,USC,220307 02:20:59.776029,   50.463729,   14.570140,   71.240784,   54.968292,    0.020250,   -0.000200,  279.399485,   13.971000,    3.084346,    0.820000,   74.000000,    0.000002,   -4.000229,   -0.051571,   -0.044092,   -0.786223,   -0.188049,    5.296513,    0.060356,   -2.939921,    1.041151,    0.000000,    0.000000,   -0.000002,   -0.000001,    0.000010,    0.000009,    0.000010,    0.000010,    0.000010,    0.000010
Mult,USC,220307 02:20:59.876029,   50.330677,   14.570160,   71.325672,   54.890364,    0.020140,   -0.000200,  279.458692,   13.974000,    3.084346,    0.610000,   74.000000,    0.000000,   -4.000236,   -0.051481,   -0.041511,   -0.792848,   -0.211668,    5.330018,    0.007730,   -3.007441,    1.037498,   -0.000000,   -0.000000,    0.000002,    0.000002,    0.000009,    0.000010,    0.000010,    0.000010,    0.000010,    0.000010
Mult,USC,220307 02:20:59.976029,   50.463711,   14.570160,   71.244158,   54.902634,    0.020250,   -0.000200,  279.517899,   13.977000,    2.816142,   -9.750000,   74.000000,    0.000000,   -4.000242,   -0.047549,   -0.030267,   -0.794184,   -0.202024,    5.331524,    0.016163,   -3.097976,    1.038126,    0.000001,   -0.000000,   -0.000003,    0.000001,    0.000010,    0.000011,    0.000010,    0.000010,    0.000011,    0.000010
Mult,USC,220307 02:21:00.076029,   50.513571,   14.570130,   71.241120,   54.964567,    0.020290,   -0.000200,  279.517899,   13.977000,    2.547938,   -9.440000,   74.000000,    0.000000,   -4.000249,   -0.050265,   -0.026905,   -0.793935,   -0.196100,    5.318736,    0.066360,   -2.818295,    1.061596,    0.000000,   -0.000000,   -0.000002,   -0.000002,    0.000010,    0.000011,    0.000010,    0.000010,    0.000011,    0.000010
Mult,USC,220307 02:21:11.776018,   49.910051,   14.570390,   71.196654,   55.089411,    0.019810,   -0.000200,  279.932351,   13.995000,    2.547938,   -9.930000,   74.000000,    0.000002,   -2.000902,   -0.070446,   -0.078881,   -1.429304,   -0.489828,   10.978916,    0.161145,   -2.608169,    1.029860,   -0.000000,   -0.000000,    0.000003,   -0.000001,    0.000022,    0.000021,    0.000022,    0.000022,    0.000022,    0.000022
Mult,USC,220307 02:21:11.876018,   49.618016,   14.570380,   71.168470,   55.079283,    0.019580,   -0.000200,  279.932351,   13.995000,    2.682040,    0.080000,   74.000000,    0.000002,   -2.000896,   -0.069878,   -0.093472,   -1.440032,   -0.502515,   10.950399,    0.146025,   -2.668568,    1.018652,   -0.000000,    0.000000,    0.000003,   -0.000002,    0.000022,    0.000022,    0.000022,    0.000021,    0.000021,    0.000022
Mult,USC,220307 02:21:11.976017,   49.946938,   14.570360,   71.177732,   55.104428,    0.019840,   -0.000210,  279.873143,   13.992000,    2.816142,    0.350000,   74.000000,    0.000002,   -2.000889,   -0.071360,   -0.094095,   -1.438551,   -0.504683,   10.976059,    0.111237,   -2.660240,    1.035151,   -0.000000,    0.000000,    0.000002,   -0.000002,    0.000022,    0.000022,    0.000021,    0.000022,    0.000022,    0.000022
Mult,USC,220307 02:21:12.076017,   50.082819,   14.570340,   71.136094,   54.993275,    0.019950,   -0.000210,  279.932351,   13.995000,    2.950244,    0.680000,   74.000000,    0.000002,   -2.000876,   -0.073149,   -0.089087,   -1.430017,   -0.511932,   10.939714,    0.142227,   -2.620503,    1.029377,    0.000000,   -0.000000,   -0.000001,    0.000003,    0.000022,    0.000022,    0.000022,    0.000022,    0.000021,    0.000022
Mult,USC,220307 02:21:12.176017,   49.944934,   14.570380,   71.139070,   55.116419,    0.019840,   -0.000210,  279.932351,   13.995000,    3.084346,    0.490000,   74.000000,    0.000002,   -2.000868,   -0.070530,   -0.086667,   -1.431347,   -0.492321,   10.917007,    0.163815,   -2.650004,    1.024208,   -0.000000,    0.000000,    0.000001,   -0.000003,    0.000021,    0.000022,    0.000022,    0.000021,    0.000021,    0.000022
Mult,USC,220307 02:21:12.276017,   49.744243,   14.570420,   71.163021,   55.092577,    0.019680,   -0.000210,  279.932351,   13.995000,    2.950244,    0.240000,   74.000000,    0.000002,   -2.000859,   -0.075265,   -0.091956,   -1.430314,   -0.485254,   10.924052,    0.189013,   -2.742891,    1.026003,   -0.000000,    0.000000,    0.000003,   -0.000001,    0.000021,    0.000021,    0.000021,    0.000022,    0.000021,    0.000022
Mult,USC,220307 02:21:12.376017,   50.210904,   14.570400,   71.188691,   55.032065,    0.020050,   -0.000200,  279.932351,   13.998000,    2.816142,    0.330000,   74.000000,    0.000002,   -2.000846,   -0.068441,   -0.090560,   -1.437486,   -0.494261,   10.977126,    0.158418,   -2.704299,    1.013929,   -0.000000,   -0.000000,    0.000001,    0.000003,    0.000021,    0.000022,    0.000022,    0.000021,    0.000021,    0.000022
Mult,USC,220307 02:21:12.476017,   50.207441,   14.570400,   71.123396,   55.002542,    0.020050,   -0.000200,  279.932351,   13.998000,    2.950244,    0.580000,   74.000000,    0.000002,   -2.000840,   -0.072299,   -0.088310,   -1.441259,   -0.519275,   10.993337,    0.111185,   -2.755226,    0.950153,    0.000000,   -0.000000,   -0.000002,    0.000002,    0.000022,    0.000022,    0.000021,    0.000022,    0.000022,    0.000021
Mult,USC,220307 02:21:12.576017,   49.935092,   14.570390,   71.196067,   55.040749,    0.019830,   -0.000200,  279.932351,   13.998000,    2.950244,    0.170000,   73.000000,    0.000002,   -2.000829,   -0.072566,   -0.090406,   -1.445089,   -0.492427,   10.997135,    0.208411,   -2.708750,    0.948177,   -0.000001,   -0.000000,    0.000003,    0.000001,    0.000022,    0.000021,    0.000022,    0.000022,    0.000021,    0.000021
Mult,USC,220307 02:21:12.676017,   49.806542,   14.570410,   71.150218,   55.004754,    0.019730,   -0.000200,  279.932351,   13.998000,    2.682040,   -9.890000,   74.000000,    0.000002,   -2.000821,   -0.074079,   -0.091400,   -1.444723,   -0.496145,   11.024001,    0.179341,   -2.718096,    0.964382,    0.000000,   -0.000000,   -0.000000,    0.000003,    0.000021,    0.000022,    0.000022,    0.000022,    0.000022,    0.000023
Mult,USC,220307 02:21:12.776017,   50.035109,   14.570440,   71.185715,   55.046407,    0.019910,   -0.000210,  279.932351,   13.995000,    2.682040,    0.090000,   74.000000,    0.000002,   -2.000810,   -0.072154,   -0.092532,   -1.443210,   -0.516489,   11.043287,    0.131161,   -2.759676,    0.960949,   -0.000000,   -0.000000,    0.000002,    0.000002,    0.000023,    0.000023,    0.000022,    0.000022,    0.000022,    0.000022
Mult,USC,220307 02:21:12.876017,   50.035467,   14.570430,   71.191792,   55.057350,    0.019910,   -0.000210,  279.932351,   13.995000,    2.816142,    0.500000,   74.000000,    0.000004,   -2.000799,   -0.078622,   -0.096347,   -1.449678,   -0.523205,   11.062060,    0.159952,   -2.751729,    0.963181,   -0.000000,   -0.000000,    0.000003,    0.000000,    0.000023,    0.000023,    0.000023,    0.000023,    0.000023,    0.000022
Mult,USC,220307 02:21:12.976016,   50.118023,   14.570430,   71.089889,   55.040633,    0.019980,   -0.000210,  279.873143,   13.995000,    2.950244,    0.480000,   74.000000,    0.000002,   -2.000788,   -0.070070,   -0.099083,   -1.450787,   -0.507347,   11.050617,    0.165015,   -2.744290,    0.971832,    0.000000,   -0.000000,   -0.000003,   -0.000000,    0.000022,    0.000023,    0.000022,    0.000022,    0.000022,    0.000023
Mult,USC,220307 02:21:13.076016,   50.018029,   14.570440,   71.096218,   55.096116,    0.019900,   -0.000210,  279.932351,   13.995000,    2.816142,    0.160000,   73.000000,    0.000002,   -2.000782,   -0.073476,   -0.086615,   -1.449084,   -0.488463,   11.071595,    0.216727,   -2.747024,    0.955736,    0.000000,   -0.000000,   -0.000002,   -0.000001,    0.000022,    0.000022,    0.000022,    0.000022,    0.000022,    0.000022
Mult,USC,220307 02:21:13.176016,   50.117864,   14.570410,   71.086830,   55.026058,    0.019980,   -0.000200,  279.932351,   13.995000,    2.682040,   -9.940000,   74.000000,    0.000002,   -2.000771,   -0.072763,   -0.086955,   -1.454679,   -0.503405,   11.081929,    0.163709,   -2.756179,    0.973610,    0.000001,   -0.000000,   -0.000003,    0.000002,    0.000021,    0.000022,    0.000022,    0.000022,    0.000022,    0.000022
Mult,USC,220307 02:21:13.276016,   49.933976,   14.570420,   71.176202,   55.024987,    0.019830,   -0.000200,  279.932351,   13.992000,    2.682040,    0.000000,   74.000000,    0.000002,   -2.000761,   -0.073294,   -0.087814,   -1.455923,   -0.504350,   11.102737,    0.153135,   -2.777796,    0.971626,   -0.000000,   -0.000001,    0.000002,    0.000002,    0.000022,    0.000021,    0.000022,    0.000022,    0.000022,    0.000022
Mult,USC,220307 02:21:13.376016,   50.071106,   14.570400,   71.149757,   55.091855,    0.019940,   -0.000200,  279.873143,   13.992000,    2.682040,    0.090000,   74.000000,    0.000004,   -2.000752,   -0.065718,   -0.087862,   -1.455996,   -0.510354,   11.118251,    0.187083,   -2.860766,    1.062214,   -0.000000,    0.000000,    0.000002,   -0.000003,    0.000022,    0.000022,    0.000022,    0.000022,    0.000021,    0.000022
Mult,USC,220307 02:21:13.476016,   49.920988,   14.570440,   71.164823,   55.119143,    0.019820,   -0.000200,  279.873143,   13.989000,    2.816142,    0.210000,   74.000000,    0.000002,   -2.000743,   -0.066779,   -0.083209,   -1.453871,   -0.507734,   11.134877,    0.204197,   -2.810157,    1.081263,   -0.000000,    0.000000,    0.000002,   -0.000003,    0.000023,    0.000022,    0.000022,    0.000023,    0.000023,    0.000022
Mult,USC,220307 02:21:13.576016,   50.172672,   14.570470,   71.177459,   55.053043,    0.020020,   -0.000210,  279.813936,   13.986000,    2.816142,    0.130000,   74.000000,    0.000002,   -2.000731,   -0.070295,   -0.088707,   -1.456580,   -0.517602,   11.128963,    0.152500,   -2.904762,    0.981783,   -0.000000,    0.000000,    0.000003,   -0.000000,    0.000022,    0.000023,    0.000023,    0.000022,    0.000023,    0.000022
Mult,USC,220307 02:21:13.676016,   50.306763,   14.570510,   71.111389,   55.032507,    0.020130,   -0.000200,  279.754729,   13.986000,    2.816142,    0.320000,   74.000000,    0.000004,   -2.000720,   -0.074074,   -0.093936,   -1.456599,   -0.513588,   11.104296,    0.161117,   -2.862609,    0.989342,    0.000000,    0.000000,   -0.000003,    0.000002,    0.000022,    0.000022,    0.000022,    0.000022,    0.000022,    0.000023
Mult,USC,220307 02:21:41.875989,   50.001677,   14.571500,   70.808970,   55.237747,    0.019900,   -0.000190,  279.636314,   13.983000,    2.950244,    0.600000,   74.000000,    0.000006,    0.000223,   -0.123450,   -0.126674,   -2.270146,   -0.855882,   18.207734,    0.264864,   -3.161300,    1.001740,   -0.000000,   -0.000000,    0.000003,    0.000001,    0.000037,    0.000037,    0.000036,    0.000036,    0.000036,    0.000036
Mult,USC,220307 02:21:41.975989,   49.924402,   14.571480,   70.775086,   55.185710,    0.019840,   -0.000200,  279.517899,   13.980000,    2.950244,    0.560000,   74.000000,    0.000009,    0.000230,   -0.117429,   -0.124269,   -2.256868,   -0.838388,   18.156696,    0.282426,   -3.165941,    1.003454,    0.000000,   -0.000000,   -0.000001,    0.000002,    0.000036,    0.000036,    0.000036,    0.000037,    0.000036,    0.000037
Mult,USC,220307 02:21:42.075989,   49.809517,   14.571490,   70.745833,   55.187293,    0.019750,   -0.000200,  279.517899,   13.977000,    2.950244,    0.540000,   73.000000,    0.000006,    0.000236,   -0.117473,   -0.125355,   -2.252285,   -0.853659,   18.081279,    0.258606,   -3.157676,    0.999704,    0.000000,   -0.000000,   -0.000002,    0.000003,    0.000037,    0.000036,    0.000037,    0.000037,    0.000037,    0.000037
Mult,USC,220307 02:21:42.175989,   50.162971,   14.571500,   70.777600,   55.181216,    0.020030,   -0.000200,  279.517899,   13.977000,    2.950244,    0.440000,   73.000000,    0.000006,    0.000242,   -0.115843,   -0.135184,   -2.242677,   -0.858132,   17.977062,    0.248308,   -3.184951,    0.997347,    0.000000,   -0.000000,   -0.000001,    0.000003,    0.000037,    0.000037,    0.000037,    0.000037,    0.000037,    0.000037
Mult,USC,220307 02:21:42.275989,   49.712169,   14.571540,   70.815948,   55.236141,    0.019670,   -0.000200,  279.517899,   13.980000,    2.950244,    0.560000,   74.000000,    0.000006,    0.000247,   -0.116177,   -0.128551,   -2.232957,   -0.838785,   17.928319,    0.288747,   -3.167785,    1.011435,   -0.000000,   -0.000000,    0.000002,    0.000002,    0.000037,    0.000036,    0.000036,    0.000037,    0.000036,    0.000037
Mult,USC,220307 02:21:42.375988,   49.909981,   14.571530,   70.741223,   55.184219,    0.019830,   -0.000210,  279.517899,   13.977000,    2.950244,    0.430000,   74.000000,    0.000006,    0.000247,   -0.119504,   -0.128871,   -2.235571,   -0.837399,   17.953648,    0.309025,   -3.156023,    1.022402,    0.000000,   -0.000000,   -0.000003,    0.000001,    0.000036,    0.000036,    0.000036,    0.000037,    0.000036,    0.000037
Mult,USC,220307 02:21:42.475988,   49.899154,   14.571470,   70.768318,   55.293161,    0.019820,   -0.000210,  279.577107,   13.980000,    2.950244,    0.450000,   74.000000,    0.000009,    0.000251,   -0.119424,   -0.133938,   -2.238259,   -0.857574,   17.983567,    0.259333,   -3.165242,    1.001692,   -0.000000,    0.000000,    0.000002,   -0.000002,    0.000037,    0.000036,    0.000036,    0.000036,    0.000037,    0.000036
Mult,USC,220307 02:21:42.575988,   49.862027,   14.571470,   70.782022,   55.269808,    0.019790,   -0.000210,  279.636314,   13.983000,    2.950244,    0.600000,   74.000000,    0.000006,    0.000253,   -0.116182,   -0.135437,   -2.240147,   -0.854519,   17.984662,    0.213970,   -3.254570,    1.010477,   -0.000000,    0.000000,    0.000003,   -0.000002,    0.000036,    0.000036,    0.000036,    0.000036,    0.000036,    0.000036
Mult,USC,220307 02:21:42.675988,   50.222532,   14.571470,   70.714988,   55.261542,    0.020080,   -0.000210,  279.695521,   13.983000,    2.950244,    0.530000,   74.000000,    0.000006,    0.000255,   -0.116699,   -0.139206,   -2.236863,   -0.851984,   17.999697,    0.277079,   -3.161300,    0.995781,    0.000001,   -0.000000,   -0.000002,   -0.000002,    0.000036,    0.000036,    0.000036,    0.000035,    0.000036,    0.000037
Mult,USC,220307 02:21:42.775988,   50.375345,   14.571480,   70.771754,   55.273370,    0.020200,   -0.000200,  279.754729,   13.986000,    2.950244,    0.620000,   74.000000,    0.000006,    0.000255,   -0.113980,   -0.143308,   -2.245530,   -0.854441,   18.000861,    0.281121,   -3.186922,    0.999954,   -0.000000,    0.000000,    0.000002,   -0.000003,    0.000037,    0.000036,    0.000036,    0.000036,    0.000037,    0.000036
Mult,USC,220307 02:21:42.875988,   50.087914,   14.571510,   70.775254,   55.294884,    0.019970,   -0.000200,  279.754729,   13.989000,    2.950244,    0.380000,   73.000000,    0.000006,    0.000255,   -0.114392,   -0.139383,   -2.244756,   -0.838033,   18.012554,    0.322855,   -3.168167,    1.017757,   -0.000000,   -0.000000,    0.000003,   -0.000001,    0.000037,    0.000036,    0.000037,    0.000037,    0.000036,    0.000037
Mult,USC,220307 02:21:42.975988,   50.047533,   14.571510,   70.727540,   55.179120,    0.019940,   -0.000200,  279.813936,   13.989000,    2.682040,   -9.670000,   74.000000,    0.000006,    0.000257,   -0.120141,   -0.127234,   -2.243740,   -0.850546,   18.031838,    0.288190,   -3.169947,    1.013683,    0.000000,   -0.000000,   -0.000003,    0.000001,    0.000036,    0.000037,    0.000037,    0.000036,    0.000037,    0.000037
Mult,USC,220307 02:21:43.075988,   50.252118,   14.571460,   70.804884,   55.215558,    0.020100,   -0.000200,  279.754729,   13.986000,    2.547938,   -9.810000,   74.000000,    0.000006,    0.000257,   -0.120607,   -0.124333,   -2.253776,   -0.878511,   18.074629,    0.203147,   -3.166704,    0.973936,   -0.000000,   -0.000000,   -0.000000,    0.000003,    0.000038,    0.000036,    0.000037,    0.000037,    0.000037,    0.000037
Mult,USC,220307 02:21:43.175988,   50.351656,   14.571480,   70.797738,   55.232392,    0.020180,   -0.000200,  279.754729,   13.986000,    2.682040,    0.030000,   74.000000,    0.000006,    0.000257,   -0.116885,   -0.124435,   -2.253532,   -0.862134,   18.071658,    0.233687,   -3.201037,    1.012045,   -0.000000,   -0.000000,    0.000002,    0.000001,    0.000037,    0.000037,    0.000037,    0.000037,    0.000037,    0.000037
Mult,USC,220307 02:21:43.275988,   50.109697,   14.571480,   70.713165,   55.241775,    0.019990,   -0.000210,  279.695521,   13.983000,    2.682040,   -9.870000,   74.000000,    0.000009,    0.000257,   -0.111059,   -0.131620,   -2.246943,   -0.840814,   18.057156,    0.300645,   -3.184633,    0.991707,    0.000000,   -0.000000,   -0.000003,   -0.000001,    0.000037,    0.000036,    0.000037,    0.000037,    0.000037,    0.000036
Mult,USC,220307 02:21:43.375988,   50.196221,   14.571450,   70.691099,   55.224359,    0.020060,   -0.000210,  279.636314,   13.980000,    2.547938,   -9.820000,   74.000000,    0.000009,    0.000255,   -0.116482,   -0.134324,   -2.247628,   -0.855614,   18.061942,    0.265247,   -3.140764,    1.013969,    0.000001,   -0.000000,   -0.000003,   -0.000001,    0.000036,    0.000036,    0.000037,    0.000037,    0.000037,    0.000037
Mult,USC,220307 02:21:43.475987,   49.976678,   14.571450,   70.810227,   55.230553,    0.019880,   -0.000210,  279.577107,   13.977000,    2.547938,   -9.710000,   74.000000,    0.000006,    0.000255,   -0.112887,   -0.136770,   -2.254876,   -0.861272,   18.117570,    0.268250,   -3.168039,    1.017084,   -0.000000,   -0.000000,    0.000002,    0.000002,    0.000037,    0.000037,    0.000037,    0.000036,    0.000037,    0.000037
Mult,USC,220307 02:21:43.575987,   50.063477,   14.571500,   70.790488,   55.229389,    0.019950,   -0.000210,  279.458692,   13.971000,    2.547938,   -9.890000,   74.000000,    0.000006,    0.000255,   -0.108014,   -0.137604,   -2.259534,   -0.856649,   18.148215,    0.258039,   -3.149284,    0.996561,   -0.000000,    0.000000,    0.000001,    0.000002,    0.000037,    0.000036,    0.000036,    0.000037,    0.000036,    0.000037
Mult,USC,220307 02:21:43.675987,   50.073962,   14.571490,   70.747279,   55.297166,    0.019960,   -0.000220,  279.399485,   13.968000,    2.682040,    0.100000,   74.000000,    0.000009,    0.000253,   -0.108398,   -0.134663,   -2.251007,   -0.846530,   18.077371,    0.285898,   -3.168167,    1.008774,   -0.000000,    0.000000,    0.000001,   -0.000003,    0.000036,    0.000037,    0.000037,    0.000037,    0.000037,    0.000037
Mult,USC,220307 02:21:43.775987,   49.974360,   14.571480,   70.764231,   55.277608,    0.019880,   -0.000210,  279.340277,   13.965000,    2.682040,    0.150000,   74.000000,    0.000006,    0.000251,   -0.114345,   -0.134630,   -2.242655,   -0.846694,   17.991278,    0.255772,   -3.178848,    1.016119,   -0.000000,    0.000000,    0.000003,   -0.000002,    0.000037,    0.000037,    0.000036,    0.000037,    0.000037,    0.000036
Mult,USC,220307 02:21:56.575975,   50.076728,   14.571470,   70.556716,   55.322847,    0.019970,   -0.000210,  282.241437,   14.115000,    2.682040,    0.230000,   74.000000,    0.000009,    1.999130,   -0.188587,   -0.184392,   -3.086501,   -1.191554,   25.368561,    0.399187,   -2.902854,    1.007721,    0.000000,   -0.000000,   -0.000003,   -0.000001,    0.000051,    0.000051,    0.000052,    0.000052,    0.000052,    0.000051
Mult,USC,220307 02:21:56.675975,   49.930712,   14.571460,   70.646109,   55.336654,    0.019850,   -0.000200,  282.123023,   14.106000,    2.816142,    0.340000,   74.000000,    0.000009,    1.999145,   -0.185637,   -0.185161,   -3.084810,   -1.197331,   25.389127,    0.340018,   -2.801320,    1.009777,   -0.000000,   -0.000000,    0.000003,    0.000000,    0.000051,    0.000051,    0.000051,    0.000052,    0.000051,    0.000051
Mult,USC,220307 02:21:56.775975,   49.954986,   14.571500,   70.628570,   55.380007,    0.019870,   -0.000190,  282.004608,   14.103000,    2.816142,    0.190000,   74.000000,    0.000009,    1.999160,   -0.183345,   -0.190132,   -3.068993,   -1.195182,   25.271906,    0.369070,   -2.893381,    1.015051,   -0.000000,    0.000000,    0.000003,   -0.000002,    0.000052,    0.000052,    0.000052,    0.000052,    0.000052,    0.000052
Mult,USC,220307 02:21:56.875975,   49.813234,   14.571500,   70.564721,   55.381799,    0.019760,   -0.000200,  281.945401,   14.097000,    2.816142,    0.250000,   74.000000,    0.000009,    1.999171,   -0.178554,   -0.192833,   -3.058829,   -1.170418,   25.153819,    0.416297,   -2.844871,    1.015074,    0.000000,    0.000000,   -0.000001,   -0.000003,    0.000051,    0.000051,    0.000052,    0.000051,    0.000052,    0.000051
Mult,USC,220307 02:21:56.975975,   49.711505,   14.571550,   70.552672,   55.345618,    0.019680,   -0.000200,  281.886193,   14.094000,    2.816142,    0.360000,   74.000000,    0.000009,    1.999186,   -0.179108,   -0.179453,   -3.045714,   -1.149826,   25.065507,    0.458222,   -2.894208,    1.014929,    0.000000,    0.000000,   -0.000002,   -0.000001,    0.000051,    0.000051,    0.000051,    0.000051,    0.000051,    0.000051
Mult,USC,220307 02:21:57.075974,   49.712388,   14.571550,   70.572181,   55.293999,    0.019680,   -0.000200,  281.826986,   14.094000,    2.950244,    0.540000,   74.000000,    0.000009,    1.999201,   -0.180750,   -0.183599,   -3.045463,   -1.166833,   25.014391,    0.378341,   -2.859876,    1.012129,    0.000001,    0.000000,   -0.000003,    0.000002,    0.000051,    0.000051,    0.000051,    0.000051,    0.000051,    0.000052
Mult,USC,220307 02:21:57.175974,   49.599014,   14.571550,   70.576498,   55.382940,    0.019590,   -0.000200,  281.826986,   14.094000,    3.084346,    0.820000,   74.000000,    0.000009,    1.999216,   -0.180288,   -0.180237,   -3.043290,   -1.172198,   25.054100,    0.375585,   -2.944753,    1.017271,    0.000000,   -0.000000,    0.000001,   -0.000003,    0.000051,    0.000051,    0.000052,    0.000051,    0.000051,    0.000052
Mult,USC,220307 02:21:57.275974,   49.588288,   14.571510,   70.616815,   55.296397,    0.019580,   -0.000200,  281.886193,   14.097000,    3.084346,    0.910000,   74.000000,    0.000009,    1.999233,   -0.179126,   -0.186472,   -3.056133,   -1.166276,   25.106543,    0.423787,   -2.919258,    1.022045,    0.000000,   -0.000000,   -0.000001,    0.000003,    0.000051,    0.000051,    0.000051,    0.000052,    0.000051,    0.000051
Mult,USC,220307 02:21:57.375974,   49.774170,   14.571500,   70.543766,   55.314511,    0.019730,   -0.000200,  281.945401,   14.100000,    3.218448,    1.140000,   74.000000,    0.000009,    1.999250,   -0.184914,   -0.181379,   -3.058252,   -1.185576,   25.138618,    0.382408,   -2.900184,    1.012520,    0.000000,   -0.000000,   -0.000003,   -0.000000,    0.000052,    0.000052,    0.000051,    0.000052,    0.000052,    0.000051
Mult,USC,220307 02:21:57.475974,   49.764443,   14.571510,   70.596447,   55.397888,    0.019720,   -0.000200,  282.063815,   14.103000,    3.352550,    1.280000,   74.000000,    0.000009,    1.999271,   -0.184649,   -0.186416,   -3.063630,   -1.194797,   25.155291,    0.341148,   -2.878568,    1.020878,   -0.000000,   -0.000000,    0.000001,   -0.000003,    0.000051,    0.000052,    0.000052,    0.000052,    0.000051,    0.000051
Mult,USC,220307 02:21:57.575974,   49.753861,   14.571490,   70.639383,   55.309529,    0.019710,   -0.000210,  282.182230,   14.112000,    3.352550,    1.240000,   74.000000,    0.000009,    1.999291,   -0.180932,   -0.180969,   -3.076726,   -1.174285,   25.269439,    0.412438,   -2.876787,    1.021221,   -0.000000,    0.000000,    0.000001,    0.000002,    0.000051,    0.000052,    0.000051,    0.000051,    0.000051,    0.000052
Mult,USC,220307 02:21:57.675974,   49.839511,   14.571490,   70.584167,   55.405222,    0.019780,   -0.000210,  282.241437,   14.118000,    3.218448,    1.200000,   73.000000,    0.000009,    1.999314,   -0.183482,   -0.175886,   -3.079735,   -1.190081,   25.349364,    0.393075,   -2.843854,    1.010303,   -0.000000,    0.000000,    0.000001,   -0.000003,    0.000052,    0.000051,    0.000052,    0.000052,    0.000052,    0.000051
Mult,USC,220307 02:21:57.775974,   49.892456,   14.571550,   70.639048,   55.340588,    0.019820,   -0.000210,  282.419060,   14.124000,    3.218448,    0.920000,   74.000000,    0.000009,    1.999346,   -0.183964,   -0.183231,   -3.083210,   -1.180619,   25.349855,    0.446877,   -2.907178,    1.002411,   -0.000001,   -0.000000,    0.000003,    0.000000,    0.000052,    0.000051,    0.000051,    0.000052,    0.000051,    0.000052
Mult,USC,220307 02:21:57.875974,   49.888540,   14.571540,   70.560803,   55.385059,    0.019820,   -0.000210,  282.596682,   14.133000,    3.084346,    0.860000,   73.000000,    0.000006,    1.999379,   -0.188845,   -0.185184,   -3.090458,   -1.197985,   25.425368,    0.379582,   -2.854281,    1.026375,    0.000000,    0.000000,   -0.000001,   -0.000003,    0.000052,    0.000051,    0.000051,    0.000052,    0.000052,    0.000051
Mult,USC,220307 02:21:57.975974,   50.143550,   14.571540,   70.639069,   55.331904,    0.020020,   -0.000210,  282.774304,   14.139000,    3.084346,    0.580000,   74.000000,    0.000009,    1.999411,   -0.191259,   -0.182079,   -3.100178,   -1.206683,   25.459046,    0.341656,   -2.904190,    1.010889,   -0.000000,    0.000000,    0.000003,    0.000001,    0.000052,    0.000052,    0.000051,    0.000051,    0.000051,    0.000051
Mult,USC,220307 02:21:58.075973,   50.038852,   14.571550,   70.553154,   55.354279,    0.019940,   -0.000200,  282.892718,   14.145000,    2.950244,    0.590000,   74.000000,    0.000009,    1.999445,   -0.179091,   -0.186987,   -3.090004,   -1.194337,   25.358477,    0.405342,   -2.843790,    1.035305,    0.000000,    0.000000,   -0.000003,   -0.000001,    0.000052,    0.000053,    0.000052,    0.000053,    0.000052,    0.000051
Mult,USC,220307 02:21:58.175973,   50.078870,   14.571550,   70.602209,   55.290437,    0.019970,   -0.000210,  282.951926,   14.148000,    2.950244,    0.260000,   74.000000,    0.000006,    1.999484,   -0.185284,   -0.184770,   -3.092792,   -1.173398,   25.388076,    0.391772,   -2.902537,    1.031523,    0.000000,   -0.000000,   -0.000001,    0.000003,    0.000052,    0.000052,    0.000051,    0.000052,    0.000052,    0.000051
Mult,USC,220307 02:21:58.275973,   50.179887,   14.571540,   70.616710,   55.307131,    0.020050,   -0.000210,  283.011133,   14.154000,    2.816142,    0.250000,   74.000000,    0.000009,    1.999520,   -0.182827,   -0.184701,   -3.094588,   -1.184255,   25.445783,    0.411191,   -2.878949,    0.992035,    0.000000,   -0.000000,   -0.000002,    0.000002,    0.000051,    0.000052,    0.000052,    0.000051,    0.000051,    0.000051
Mult,USC,220307 02:21:58.375973,   50.038920,   14.571550,   70.557010,   55.298306,    0.019940,   -0.000200,  283.070340,   14.154000,    2.816142,    0.200000,   74.000000,    0.000009,    1.999570,   -0.192472,   -0.196573,   -3.099189,   -1.217708,   25.467444,    0.344073,   -2.871192,    1.005558,    0.000000,   -0.000000,   -0.000003,    0.000001,    0.000052,    0.000052,    0.000052,    0.000053,    0.000052,    0.000052
Mult,USC,220307 02:21:58.475973,   50.031164,   14.571560,   70.647367,   55.355792,    0.019930,   -0.000200,  283.129548,   14.157000,    2.682040,   -9.970000,   74.000000,    0.000009,    1.999613,   -0.185695,   -0.203013,   -3.090029,   -1.203163,   25.480185,    0.425552,   -2.844998,    0.997400,   -0.000000,    0.000000,    0.000003,    0.000001,    0.000052,    0.000052,    0.000052,    0.000052,    0.000053,    0.000052
Mult,USC,220307 02:22:16.875956,   49.989193,   14.571870,   70.328519,   55.423872,    0.019910,   -0.000220,  281.530949,   14.076000,    2.950244,    0.440000,   74.000000,    0.000009,    3.998837,   -0.267164,   -0.229785,   -3.889680,   -1.511449,   32.492010,    0.542255,   -1.420209,    1.397282,    0.000000,   -0.000000,   -0.000002,   -0.000002,    0.000066,    0.000066,    0.000067,    0.000067,    0.000066,    0.000066
Mult,USC,220307 02:22:16.975955,   49.549182,   14.571890,   70.354126,   55.442405,    0.019560,   -0.000210,  281.590157,   14.082000,    2.950244,    0.620000,   74.000000,    0.000009,    3.998843,   -0.273317,   -0.231349,   -3.878585,   -1.519208,   32.422868,    0.509965,   -1.452634,    1.048069,    0.000000,    0.000000,    0.000001,   -0.000003,    0.000067,    0.000066,    0.000066,    0.000066,    0.000067,    0.000067
Mult,USC,220307 02:22:17.075955,   49.648836,   14.571860,   70.325523,   55.376165,    0.019640,   -0.000200,  281.590157,   14.082000,    2.950244,    0.530000,   74.000000,    0.000009,    3.998847,   -0.268441,   -0.236038,   -3.874532,   -1.512063,   32.372525,    0.498390,   -1.415504,    1.497938,    0.000001,   -0.000000,   -0.000003,    0.000001,    0.000067,    0.000067,    0.000067,    0.000067,    0.000067,    0.000067
Mult,USC,220307 02:22:17.175955,   49.496910,   14.571890,   70.327283,   55.351927,    0.019520,   -0.000200,  281.708571,   14.088000,    3.084346,    0.900000,   74.000000,    0.000009,    3.998856,   -0.269022,   -0.235689,   -3.861795,   -1.510459,   32.268126,    0.512361,   -1.422243,    1.449968,    0.000000,   -0.000000,   -0.000003,    0.000001,    0.000067,    0.000066,    0.000066,    0.000067,    0.000066,    0.000067
Mult,USC,220307 02:22:17.275955,   49.180307,   14.571870,   70.354251,   55.341566,    0.019270,   -0.000200,  281.826986,   14.094000,    3.218448,    1.080000,   74.000000,    0.000009,    3.998863,   -0.263150,   -0.228505,   -3.853547,   -1.485495,   32.177426,    0.545349,   -1.462107,    1.482656,    0.000000,   -0.000000,   -0.000002,    0.000002,    0.000065,    0.000066,    0.000066,    0.000065,    0.000066,    0.000066
Mult,USC,220307 02:22:17.375955,   48.730038,   14.571860,   70.320892,   55.372812,    0.018920,   -0.000200,  282.004608,   14.103000,    3.218448,    1.160000,   74.000000,    0.000009,    3.998873,   -0.268963,   -0.229088,   -3.848783,   -1.494783,   32.139934,    0.486978,   -1.409464,    1.218821,    0.000000,   -0.000000,   -0.000002,   -0.000001,    0.000066,    0.000065,    0.000065,    0.000066,    0.000065,    0.000065
Mult,USC,220307 02:22:17.475955,   49.090081,   14.571830,   70.332521,   55.436189,    0.019200,   -0.000200,  282.241437,   14.118000,    3.486652,    1.980000,   74.000000,    0.000009,    3.998884,   -0.271366,   -0.225200,   -3.859453,   -1.497202,   32.197607,    0.506979,   -1.402407,    1.053257,    0.000000,    0.000000,    0.000001,   -0.000003,    0.000065,    0.000065,    0.000065,    0.000066,    0.000066,    0.000066
Mult,USC,220307 02:22:17.575955,   49.092372,   14.571830,   70.376904,   55.452557,    0.019200,   -0.000200,  282.419060,   14.124000,    3.754856,    2.700000,   74.000000,    0.000009,    3.998893,   -0.272699,   -0.226728,   -3.868287,   -1.517776,   32.293252,    0.443375,   -1.466812,    1.286024,   -0.000000,    0.000000,    0.000003,   -0.000002,    0.000066,    0.000066,    0.000066,    0.000066,    0.000066,    0.000067
Mult,USC,220307 02:22:17.675955,   49.297763,   14.571810,   70.403621,   55.395327,    0.019360,   -0.000210,  282.774304,   14.142000,    4.023060,    2.780000,   74.000000,    0.000009,    3.998903,   -0.265382,   -0.226655,   -3.873090,   -1.498333,   32.351867,    0.548504,   -1.387847,    1.039780,   -0.000000,   -0.000000,    0.000002,    0.000002,    0.000067,    0.000066,    0.000066,    0.000066,    0.000066,    0.000066
Mult,USC,220307 02:22:17.775955,   49.399462,   14.571840,   70.401924,   55.433022,    0.019440,   -0.000210,  283.129548,   14.163000,    4.023060,    2.690000,   74.000000,    0.000009,    3.998914,   -0.272679,   -0.234660,   -3.876683,   -1.523600,   32.452667,    0.466390,   -1.386067,    1.039955,   -0.000000,   -0.000000,    0.000003,   -0.000001,    0.000066,    0.000066,    0.000066,    0.000066,    0.000066,    0.000066
Mult,USC,220307 02:22:17.875955,   49.497888,   14.571830,   70.345157,   55.335001,    0.019520,   -0.000210,  283.543999,   14.184000,    3.888958,    2.380000,   74.000000,    0.000009,    3.998925,   -0.278222,   -0.228539,   -3.899650,   -1.513771,   32.600006,    0.530755,   -1.354977,    1.039694,    0.000000,   -0.000000,   -0.000002,    0.000002,    0.000067,    0.000067,    0.000066,    0.000066,    0.000066,    0.000067
Mult,USC,220307 02:22:17.975955,   50.018890,   14.571820,   70.416592,   55.404314,    0.019930,   -0.000200,  283.958451,   14.205000,    3.754856,    2.130000,   74.000000,    0.000009,    3.998935,   -0.274712,   -0.229589,   -3.920173,   -1.534032,   32.719463,    0.518057,   -1.384796,    1.042807,   -0.000000,   -0.000000,    0.000003,    0.000000,    0.000067,    0.000066,    0.000066,    0.000066,    0.000066,    0.000067
Mult,USC,220307 02:22:18.075954,   50.017638,   14.571820,   70.394212,   55.364081,    0.019930,   -0.000200,  284.313695,   14.223000,    3.620754,    1.770000,   74.000000,    0.000009,    3.998946,   -0.279271,   -0.233818,   -3.934473,   -1.528453,   32.798567,    0.527699,   -1.273788,    1.046350,   -0.000000,   -0.000000,    0.000002,    0.000001,    0.000067,    0.000066,    0.000066,    0.000067,    0.000067,    0.000067
Mult,USC,220307 02:22:18.175954,   50.131248,   14.571860,   70.410515,   55.375117,    0.020020,   -0.000200,  284.728146,   14.241000,    3.352550,    1.040000,   74.000000,    0.000009,    3.998957,   -0.277790,   -0.240015,   -3.941972,   -1.559236,   32.919234,    0.523766,   -1.326240,    1.041239,   -0.000000,   -0.000000,    0.000002,    0.000002,    0.000067,    0.000067,    0.000067,    0.000067,    0.000067,    0.000067
Mult,USC,220307 02:22:18.275954,   50.240784,   14.571860,   70.349851,   55.431206,    0.020110,   -0.000210,  284.964976,   14.253000,    3.084346,    0.570000,   74.000000,    0.000009,    3.998968,   -0.279216,   -0.238496,   -3.932889,   -1.567270,   32.944490,    0.470213,   -1.365023,    1.044796,   -0.000000,    0.000000,    0.000002,   -0.000002,    0.000068,    0.000068,    0.000067,    0.000068,    0.000068,    0.000068
Mult,USC,220307 02:22:18.375954,   50.226079,   14.571860,   70.308361,   55.406829,    0.020100,   -0.000210,  285.261012,   14.265000,    2.816142,    0.170000,   74.000000,    0.000009,    3.998981,   -0.280422,   -0.236531,   -3.947838,   -1.554828,   32.907108,    0.498171,   -1.272707,    1.045055,    0.000000,    0.000000,   -0.000002,   -0.000002,    0.000067,    0.000067,    0.000068,    0.000067,    0.000067,    0.000068
Mult,USC,220307 02:22:18.475954,   50.205137,   14.571890,   70.389267,   55.366153,    0.020080,   -0.000220,  285.379427,   14.271000,    2.682040,   -9.950000,   74.000000,    0.000009,    3.998991,   -0.280990,   -0.226802,   -3.944732,   -1.547541,   32.918784,    0.519735,   -1.279701,    1.047743,   -0.000000,   -0.000000,    0.000002,    0.000001,    0.000068,    0.000068,    0.000067,    0.000067,    0.000067,    0.000068
Mult,USC,220307 02:22:18.575954,   50.251153,   14.571860,   70.311231,   55.382661,    0.020120,   -0.000210,  285.438634,   14.274000,    2.547938,   -9.750000,   74.000000,    0.000009,    3.999004,   -0.279238,   -0.236727,   -3.941641,   -1.535672,   32.956989,    0.548247,   -1.296358,    1.042896,    0.000000,   -0.000000,   -0.000003,   -0.000000,    0.000068,    0.000068,    0.000068,    0.000067,    0.000067,    0.000068
Mult,USC,220307 02:22:18.675954,   50.215962,   14.571840,   70.356661,   55.336770,    0.020090,   -0.000210,  285.497842,   14.274000,    2.547938,   -9.790000,   74.000000,    0.000009,    3.999015,   -0.281707,   -0.242894,   -3.967005,   -1.549531,   33.092374,    0.534535,   -1.211354,    1.046869,   -0.000000,   -0.000000,   -0.000000,    0.000003,    0.000067,    0.000067,    0.000068,    0.000067,    0.000067,    0.000068
Mult,USC,220307 02:22:18.775954,   50.188289,   14.571860,   70.302933,   55.401869,    0.020070,   -0.000210,  285.438634,   14.274000,    2.547938,   -9.720000,   74.000000,    0.000009,    3.999030,   -0.281874,   -0.244197,   -3.970327,   -1.566133,   33.166270,    0.528213,   -1.280082,    1.048265,    0.000000,    0.000000,   -0.000003,   -0.000001,    0.000068,    0.000068,    0.000068,    0.000068,    0.000067,    0.000067
Mult,USC,220307 02:22:31.175942,   50.491265,   14.572290,   70.147826,   55.490066,    0.020320,   -0.000210,  287.925343,   14.400000,    3.218448,    1.300000,   74.000000,    0.000009,    5.999112,   -0.386579,   -0.294327,   -4.806181,   -1.877269,   40.291283,    0.605278,   -0.940256,    1.074387,    0.000000,    0.000000,   -0.000002,   -0.000001,    0.000083,    0.000083,    0.000083,    0.000083,    0.000082,    0.000082
Mult,USC,220307 02:22:31.275942,   50.570690,   14.572250,   70.242940,   55.444640,    0.020380,   -0.000210,  288.102965,   14.406000,    3.218448,    0.880000,   74.000000,    0.000006,    5.999125,   -0.386031,   -0.297804,   -4.808338,   -1.889590,   40.345729,    0.674269,   -0.909421,    1.072990,   -0.000000,   -0.000000,   -0.000000,    0.000003,    0.000083,    0.000082,    0.000083,    0.000082,    0.000083,    0.000083
Mult,USC,220307 02:22:31.375942,   50.813656,   14.572270,   70.154217,   55.499705,    0.020580,   -0.000210,  288.102965,   14.406000,    2.950244,    0.140000,   74.000000,    0.000009,    5.999138,   -0.388950,   -0.300320,   -4.822950,   -1.901710,   40.508497,    0.657450,   -0.928049,    1.076111,    0.000000,   -0.000000,   -0.000001,   -0.000003,    0.000083,    0.000083,    0.000083,    0.000083,    0.000083,    0.000082
Mult,USC,220307 02:22:31.475942,   50.431340,   14.572280,   70.188206,   55.537377,    0.020270,   -0.000210,  288.102965,   14.406000,    2.547938,   -9.650000,   74.000000,    0.000006,    5.999153,   -0.392891,   -0.292917,   -4.845670,   -1.884374,   40.626596,    0.714861,   -0.977259,    1.067945,   -0.000000,    0.000000,    0.000000,   -0.000003,    0.000083,    0.000083,    0.000084,    0.000083,    0.000083,    0.000083
Mult,USC,220307 02:22:31.575942,   50.135066,   14.572220,   70.250735,   55.463430,    0.020030,   -0.000210,  287.984550,   14.397000,    2.279734,   -9.040000,   74.000000,    0.000006,    5.999170,   -0.393937,   -0.302681,   -4.853989,   -1.913498,   40.723139,    0.636488,   -0.943690,    1.071661,   -0.000000,   -0.000000,    0.000002,    0.000002,    0.000083,    0.000083,    0.000083,    0.000083,    0.000083,    0.000083
Mult,USC,220307 02:22:31.675941,   50.359950,   14.572200,   70.252181,   55.466713,    0.020210,   -0.000200,  287.806928,   14.388000,    2.145632,   -9.240000,   75.000000,    0.000009,    5.999183,   -0.395931,   -0.298572,   -4.861856,   -1.941638,   40.815830,    0.663892,   -0.868222,    1.072502,   -0.000000,   -0.000000,    0.000000,    0.000003,    0.000084,    0.000083,    0.000083,    0.000083,    0.000083,    0.000083
Mult,USC,220307 02:22:31.775941,   50.668380,   14.572190,   70.213331,   55.435234,    0.020460,   -0.000200,  287.629306,   14.382000,    2.413836,   -9.720000,   74.000000,    0.000006,    5.999200,   -0.401622,   -0.297042,   -4.879616,   -1.913044,   40.923303,    0.719383,   -0.994616,    1.074594,    0.000000,   -0.000000,   -0.000001,    0.000003,    0.000083,    0.000083,    0.000084,    0.000083,    0.000083,    0.000084
Mult,USC,220307 02:22:31.875941,   50.081456,   14.572210,   70.183324,   55.441218,    0.019990,   -0.000200,  287.392477,   14.370000,    2.547938,    0.020000,   74.000000,    0.000006,    5.999215,   -0.396482,   -0.297257,   -4.883180,   -1.911419,   40.967648,    0.741575,   -0.949221,    1.075443,    0.000000,   -0.000001,   -0.000002,    0.000002,    0.000083,    0.000084,    0.000083,    0.000084,    0.000084,    0.000083
Mult,USC,220307 02:22:31.975941,   50.118696,   14.572210,   70.177100,   55.439774,    0.020020,   -0.000200,  287.155647,   14.358000,    2.547938,   -9.580000,   74.000000,    0.000009,    5.999233,   -0.399357,   -0.308255,   -4.900318,   -1.956663,   41.065904,    0.635913,   -0.995124,    1.071108,    0.000000,   -0.000000,   -0.000002,    0.000002,    0.000084,    0.000084,    0.000084,    0.000084,    0.000084,    0.000084
Mult,USC,220307 02:22:32.075941,   50.080350,   14.572200,   70.161049,   55.454163,    0.019990,   -0.000200,  286.918818,   14.346000,    2.547938,    0.040000,   74.000000,    0.000006,    5.999252,   -0.406462,   -0.308009,   -4.894696,   -1.967399,   41.041322,    0.575621,   -0.978022,    1.074898,    0.000000,   -0.000000,   -0.000003,    0.000001,    0.000085,    0.000084,    0.000085,    0.000084,    0.000085,    0.000085
Mult,USC,220307 02:22:32.175941,   50.358047,   14.572220,   70.212723,   55.546457,    0.020210,   -0.000210,  286.741196,   14.340000,    2.682040,    0.340000,   74.000000,    0.000006,    5.999269,   -0.399833,   -0.293124,   -4.875983,   -1.895353,   40.938887,    0.744256,   -0.977640,    1.071568,   -0.000000,    0.000000,    0.000003,   -0.000002,    0.000084,    0.000083,    0.000084,    0.000084,    0.000084,    0.000083
Mult,USC,220307 02:22:32.275941,   49.917335,   14.572230,   70.160755,   55.523361,    0.019860,   -0.000210,  286.563574,   14.331000,    2.950244,    0.590000,   74.000000,    0.000006,    5.999286,   -0.394191,   -0.300081,   -4.870654,   -1.893550,   40.912980,    0.735571,   -0.956914,    1.064043,    0.000000,    0.000000,   -0.000000,   -0.000003,    0.000082,    0.000083,    0.000083,    0.000083,    0.000083,    0.000083
Mult,USC,220307 02:22:32.375941,   50.145007,   14.572260,   70.203252,   55.445618,    0.020040,   -0.000210,  286.445159,   14.322000,    2.816142,    0.200000,   74.000000,    0.000009,    5.999308,   -0.397155,   -0.296692,   -4.875481,   -1.897818,   40.979953,    0.696494,   -1.031809,    1.053350,    0.000000,   -0.000000,   -0.000002,    0.000002,    0.000083,    0.000084,    0.000083,    0.000083,    0.000083,    0.000083
Mult,USC,220307 02:22:32.475941,   50.194962,   14.572270,   70.202916,   55.432533,    0.020080,   -0.000210,  286.267537,   14.316000,    2.816142,    0.590000,   74.000000,    0.000006,    5.999329,   -0.399324,   -0.296654,   -4.881720,   -1.927837,   41.032261,    0.653873,   -0.935170,    1.047400,    0.000000,   -0.000000,   -0.000002,    0.000002,    0.000084,    0.000084,    0.000084,    0.000083,    0.000084,    0.000084
Mult,USC,220307 02:22:32.575941,   50.392835,   14.572250,   70.168215,   55.459425,    0.020240,   -0.000210,  286.149123,   14.310000,    2.950244,    0.560000,   74.000000,    0.000006,    5.999353,   -0.402538,   -0.306249,   -4.895695,   -1.925120,   41.104701,    0.644469,   -1.052154,    1.049137,    0.000000,    0.000000,   -0.000003,   -0.000001,    0.000084,    0.000084,    0.000084,    0.000084,    0.000084,    0.000084
Mult,USC,220307 02:22:32.675940,   50.256040,   14.572250,   70.171505,   55.527063,    0.020130,   -0.000210,  286.089915,   14.304000,    2.816142,    0.440000,   74.000000,    0.000006,    5.999374,   -0.400188,   -0.304464,   -4.911677,   -1.940769,   41.215879,    0.688165,   -0.981010,    1.062428,   -0.000000,    0.000000,    0.000002,   -0.000002,    0.000084,    0.000085,    0.000085,    0.000085,    0.000084,    0.000084
Mult,USC,220307 02:22:32.775940,   50.716682,   14.572230,   70.190888,   55.453861,    0.020500,   -0.000210,  285.912293,   14.298000,    2.816142,    0.110000,   74.000000,    0.000006,    5.999400,   -0.399363,   -0.307388,   -4.920597,   -1.930525,   41.300422,    0.717355,   -1.037722,    1.044199,    0.000000,   -0.000000,   -0.000003,    0.000002,    0.000085,    0.000084,    0.000085,    0.000085,    0.000085,    0.000085
Mult,USC,220307 02:22:32.875940,   51.011096,   14.572240,   70.161572,   55.438145,    0.020740,   -0.000200,  285.853086,   14.292000,    2.682040,    0.170000,   74.000000,    0.000006,    5.999424,   -0.403262,   -0.297918,   -4.909143,   -1.918278,   41.213028,    0.668093,   -1.041346,    1.043598,    0.000001,   -0.000000,   -0.000003,    0.000000,    0.000084,    0.000084,    0.000084,    0.000084,    0.000085,    0.000084
Mult,USC,220307 02:22:32.975940,   50.818616,   14.572260,   70.246775,   55.533302,    0.020580,   -0.000200,  285.675464,   14.283000,    2.547938,   -9.520000,   74.000000,    0.000009,    5.999456,   -0.398879,   -0.300793,   -4.891089,   -1.919497,   41.034337,    0.685649,   -1.137031,    1.051088,   -0.000000,    0.000000,    0.000003,    0.000001,    0.000084,    0.000084,    0.000084,    0.000084,    0.000084,    0.000084
Mult,USC,220307 02:22:33.075940,   50.506892,   14.572280,   70.210586,   55.451625,    0.020330,   -0.000200,  285.438634,   14.271000,    2.279734,   -8.790000,   75.000000,    0.000006,    5.999492,   -0.400377,   -0.290727,   -4.880221,   -1.914532,   40.960807,    0.597332,   -1.102508,    1.068340,   -0.000000,   -0.000000,   -0.000001,    0.000002,    0.000084,    0.000084,    0.000083,    0.000084,    0.000084,    0.000085
Mult,USC,220307 02:22:42.975931,   50.145252,   14.572450,   70.209747,   55.547319,    0.020040,   -0.000210,  284.846561,   14.238000,    2.547938,   -9.850000,   74.000000,    0.000006,    7.998839,   -0.517786,   -0.350912,   -5.633602,   -2.230299,   47.500013,    0.803536,   -2.130188,    1.062830,   -0.000000,   -0.000000,    0.000002,    0.000002,    0.000098,    0.000098,    0.000098,    0.000099,    0.000098,    0.000098
Mult,USC,220307 02:22:43.075931,   49.889900,   14.572450,   70.122115,   55.557005,    0.019840,   -0.000220,  284.609731,   14.226000,    2.682040,    0.480000,   74.000000,    0.000009,    7.998847,   -0.514780,   -0.348274,   -5.598578,   -2.197635,   47.225672,    0.762275,   -2.096173,    1.062199,    0.000000,    0.000000,   -0.000000,   -0.000003,    0.000097,    0.000097,    0.000097,    0.000097,    0.000096,    0.000097
Mult,USC,220307 02:22:43.175930,   49.731009,   14.572490,   70.217878,   55.544502,    0.019710,   -0.000210,  284.372902,   14.217000,    2.950244,    0.450000,   74.000000,    0.000006,    7.998856,   -0.516724,   -0.351280,   -5.594674,   -2.202754,   47.152921,    0.723893,   -2.116010,    1.066425,   -0.000000,   -0.000000,    0.000002,    0.000002,    0.000096,    0.000097,    0.000096,    0.000097,    0.000097,    0.000096
Mult,USC,220307 02:22:43.275930,   49.879760,   14.572500,   70.169829,   55.582802,    0.019830,   -0.000210,  284.254487,   14.211000,    2.950244,    0.740000,   73.000000,    0.000009,    7.998867,   -0.515331,   -0.349981,   -5.586339,   -2.204192,   47.034345,    0.719100,   -2.110796,    1.055977,    0.000000,    0.000000,    0.000002,   -0.000002,    0.000096,    0.000097,    0.000097,    0.000096,    0.000097,    0.000097
Mult,USC,220307 02:22:43.375930,   49.427212,   14.572500,   70.215259,   55.569647,    0.019470,   -0.000220,  284.076865,   14.205000,    3.218448,    1.240000,   74.000000,    0.000006,    7.998877,   -0.513488,   -0.348805,   -5.584831,   -2.174643,   47.032423,    0.758904,   -2.108126,    1.055893,   -0.000000,   -0.000000,    0.000003,    0.000001,    0.000096,    0.000096,    0.000096,    0.000096,    0.000096,    0.000096
Mult,USC,220307 02:22:43.475930,   49.841799,   14.572480,   70.164883,   55.584874,    0.019800,   -0.000210,  284.076865,   14.205000,    3.218448,    1.060000,   73.000000,    0.000006,    7.998888,   -0.511551,   -0.340534,   -5.588858,   -2.177825,   47.050132,    0.798383,   -2.072649,    1.052757,   -0.000000,    0.000001,    0.000003,   -0.000001,    0.000096,    0.000096,    0.000096,    0.000097,    0.000096,    0.000096
Mult,USC,220307 02:22:43.575930,   49.701856,   14.572500,   70.144054,   55.499519,    0.019690,   -0.000210,  284.076865,   14.205000,    3.352550,    1.710000,   74.000000,    0.000006,    7.998901,   -0.505879,   -0.338123,   -5.566761,   -2.212131,   46.951017,    0.698435,   -2.152503,    1.051476,    0.000000,   -0.000000,   -0.000003,    0.000000,    0.000096,    0.000097,    0.000097,    0.000097,    0.000097,    0.000097
Mult,USC,220307 02:22:43.675930,   49.905951,   14.572500,   70.190197,   55.579426,    0.019850,   -0.000210,  284.195280,   14.211000,    3.486652,    1.320000,   73.000000,    0.000009,    7.998912,   -0.511023,   -0.333722,   -5.560524,   -2.183975,   46.891305,    0.756033,   -2.115056,    1.052753,   -0.000000,   -0.000000,    0.000003,    0.000001,    0.000097,    0.000096,    0.000097,    0.000096,    0.000096,    0.000097
Mult,USC,220307 02:22:43.775930,   49.819450,   14.572510,   70.221315,   55.573582,    0.019780,   -0.000210,  284.313695,   14.217000,    3.352550,    1.310000,   74.000000,    0.000006,    7.998924,   -0.505176,   -0.346647,   -5.552420,   -2.185324,   46.812633,    0.749373,   -2.126754,    1.045166,   -0.000000,    0.000000,    0.000002,    0.000002,    0.000097,    0.000097,    0.000097,    0.000097,    0.000096,    0.000096
Mult,USC,220307 02:22:43.875930,   49.692218,   14.572490,   70.198935,   55.563547,    0.019680,   -0.000210,  284.432109,   14.223000,    3.352550,    1.020000,   73.000000,    0.000006,    7.998935,   -0.502087,   -0.347538,   -5.528347,   -2.158807,   46.582372,    0.766894,   -1.999407,    1.048389,   -0.000000,   -0.000000,    0.000003,    0.000001,    0.000096,    0.000096,    0.000096,    0.000096,    0.000096,    0.000096
Mult,USC,220307 02:22:43.975930,   49.904348,   14.572440,   70.156082,   55.603082,    0.019850,   -0.000210,  284.609731,   14.232000,    3.218448,    1.000000,   74.000000,    0.000006,    7.998950,   -0.510657,   -0.347487,   -5.527709,   -2.158337,   46.583143,    0.695825,   -2.099098,    1.053543,   -0.000000,    0.000000,    0.000002,   -0.000002,    0.000096,    0.000096,    0.000096,    0.000095,    0.000096,    0.000096
Mult,USC,220307 02:22:44.075930,   49.499698,   14.572420,   70.141540,   55.579775,    0.019530,   -0.000200,  284.728146,   14.238000,    3.218448,    1.090000,   73.000000,    0.000006,    7.998963,   -0.502780,   -0.348686,   -5.514736,   -2.161580,   46.555236,    0.736089,   -2.044865,    1.049498,   -0.000000,    0.000000,    0.000002,   -0.000003,    0.000095,    0.000095,    0.000095,    0.000095,    0.000095,    0.000095
Mult,USC,220307 02:22:44.175930,   49.655493,   14.572450,   70.220183,   55.565806,    0.019650,   -0.000200,  284.905768,   14.247000,    3.218448,    0.840000,   73.000000,    0.000006,    7.998974,   -0.508253,   -0.342265,   -5.529586,   -2.169015,   46.638167,    0.761745,   -2.099797,    1.045996,   -0.000001,   -0.000000,    0.000003,    0.000001,    0.000096,    0.000096,    0.000095,    0.000095,    0.000095,    0.000095
Mult,USC,220307 02:22:44.275929,   49.739514,   14.572430,   70.138920,   55.479169,    0.019720,   -0.000190,  285.024183,   14.253000,    3.218448,    1.240000,   74.000000,    0.000006,    7.998987,   -0.503270,   -0.347541,   -5.526238,   -2.145817,   46.565059,    0.773454,   -2.143412,    1.058861,    0.000000,   -0.000000,   -0.000003,    0.000001,    0.000095,    0.000096,    0.000096,    0.000095,    0.000096,    0.000096
Mult,USC,220307 02:22:44.375929,   49.765312,   14.572420,   70.144830,   55.591999,    0.019740,   -0.000200,  285.201805,   14.265000,    3.352550,    1.280000,   74.000000,    0.000006,    7.999000,   -0.506292,   -0.349600,   -5.501089,   -2.151232,   46.410793,    0.709208,   -2.229242,    1.050388,   -0.000000,    0.000000,    0.000001,   -0.000003,    0.000095,    0.000096,    0.000096,    0.000095,    0.000095,    0.000095
Mult,USC,220307 02:22:44.475929,   49.675415,   14.572430,   70.115786,   55.560031,    0.019670,   -0.000200,  285.379427,   14.271000,    3.352550,    1.310000,   74.000000,    0.000009,    7.999012,   -0.505325,   -0.352713,   -5.530001,   -2.174476,   46.614406,    0.763907,   -1.982050,    1.048264,    0.000000,    0.000000,    0.000001,   -0.000003,    0.000095,    0.000095,    0.000095,    0.000095,    0.000096,    0.000095
Mult,USC,220307 02:22:44.575929,   49.096682,   14.572410,   70.225212,   55.545410,    0.019210,   -0.000200,  285.557049,   14.280000,    3.218448,    1.010000,   73.000000,    0.000006,    7.999025,   -0.511466,   -0.357447,   -5.545787,   -2.183294,   46.806902,    0.727736,   -1.974294,    1.048145,   -0.000000,    0.000000,    0.000002,    0.000002,    0.000096,    0.000096,    0.000096,    0.000096,    0.000096,    0.000096
Mult,USC,220307 02:22:44.675929,   49.540128,   14.572400,   70.188227,   55.579752,    0.019560,   -0.000200,  285.675464,   14.289000,    3.352550,    1.270000,   74.000000,    0.000006,    7.999036,   -0.517306,   -0.341479,   -5.571986,   -2.167095,   46.993613,    0.818890,   -1.899907,    1.053083,   -0.000000,    0.000000,    0.000003,    0.000001,    0.000095,    0.000095,    0.000096,    0.000095,    0.000096,    0.000096
Mult,USC,220307 02:22:44.775929,   49.625904,   14.572420,   70.138313,   55.494909,    0.019630,   -0.000200,  285.853086,   14.298000,    3.486652,    2.130000,   74.000000,    0.000006,    7.999051,   -0.514845,   -0.346549,   -5.562384,   -2.214310,   46.978446,    0.702421,   -2.132667,    1.046923,    0.000000,   -0.000000,   -0.000003,    0.000001,    0.000096,    0.000096,    0.000096,    0.000096,    0.000097,    0.000096
Mult,USC,220307 02:22:44.875929,   49.666984,   14.572450,   70.197468,   55.576679,    0.019660,   -0.000210,  286.089915,   14.310000,    3.754856,    1.950000,   74.000000,    0.000009,    7.999062,   -0.518501,   -0.354866,   -5.592713,   -2.221266,   47.170904,    0.752613,   -1.930170,    1.046385,   -0.000000,    0.000000,    0.000003,   -0.000000,    0.000096,    0.000096,    0.000097,    0.000097,    0.000097,    0.000096
Mult,USC,220307 02:22:58.875916,   50.115650,   14.572520,   70.126096,   55.496841,    0.020020,   -0.000220,  290.116015,   14.511000,    3.620754,    2.030000,   74.000000,    0.000006,    9.998865,   -0.659109,   -0.382942,   -6.332639,   -2.548002,   53.588455,    0.831030,   -2.680140,    0.996664,   -0.000000,   -0.000000,    0.000001,    0.000003,    0.000109,    0.000109,    0.000109,    0.000110,    0.000109,    0.000109
Mult,USC,220307 02:22:58.975915,   49.991696,   14.572540,   70.150990,   55.546155,    0.019920,   -0.000210,  290.234430,   14.517000,    3.620754,    1.530000,   74.000000,    0.000009,    9.998861,   -0.661739,   -0.388700,   -6.340926,   -2.534152,   53.669513,    0.893173,   -2.749758,    0.997459,   -0.000000,   -0.000000,    0.000002,    0.000002,    0.000109,    0.000109,    0.000109,    0.000109,    0.000108,    0.000110
Mult,USC,220307 02:22:59.075915,   50.265868,   14.572540,   70.131461,   55.497214,    0.020140,   -0.000210,  290.352844,   14.523000,    3.352550,    0.900000,   74.000000,    0.000009,    9.998861,   -0.660618,   -0.383604,   -6.337058,   -2.528510,   53.644359,    0.862383,   -2.632265,    1.001547,   -0.000000,   -0.000000,    0.000001,    0.000003,    0.000110,    0.000110,    0.000110,    0.000110,    0.000110,    0.000111
Mult,USC,220307 02:22:59.175915,   50.253242,   14.572550,   70.128715,   55.503640,    0.020130,   -0.000210,  290.412052,   14.526000,    3.084346,    0.890000,   74.000000,    0.000009,    9.998863,   -0.659264,   -0.376266,   -6.343767,   -2.544761,   53.687018,    0.870091,   -2.587252,    1.010197,    0.000000,   -0.000000,    0.000001,    0.000003,    0.000110,    0.000110,    0.000111,    0.000110,    0.000110,    0.000110
Mult,USC,220307 02:22:59.275915,   50.200347,   14.572560,   70.072955,   55.490438,    0.020090,   -0.000210,  290.471259,   14.529000,    3.084346,    0.380000,   73.000000,    0.000006,    9.998868,   -0.663034,   -0.388132,   -6.356571,   -2.557743,   53.820994,    0.827957,   -2.620313,    1.012295,    0.000000,   -0.000000,   -0.000002,    0.000002,    0.000111,    0.000111,    0.000111,    0.000111,    0.000111,    0.000111
Mult,USC,220307 02:22:59.375915,   50.808680,   14.572560,   70.068282,   55.519426,    0.020580,   -0.000200,  290.530466,   14.529000,    2.816142,    0.110000,   74.000000,    0.000009,    9.998872,   -0.670898,   -0.380615,   -6.388326,   -2.563713,   54.034726,    0.891132,   -2.611157,    1.013567,    0.000000,   -0.000000,   -0.000003,    0.000002,    0.000111,    0.000111,    0.000111,    0.000112,    0.000112,    0.000111
Mult,USC,220307 02:22:59.475915,   50.784517,   14.572520,   70.078319,   55.491300,    0.020560,   -0.000200,  290.471259,   14.526000,    2.816142,    0.270000,   74.000000,    0.000006,    9.998876,   -0.670551,   -0.393382,   -6.408252,   -2.578603,   54.198598,    0.828215,   -2.589986,    1.018784,    0.000000,   -0.000000,   -0.000002,    0.000003,    0.000111,    0.000112,    0.000112,    0.000111,    0.000111,    0.000112
Mult,USC,220307 02:22:59.575915,   50.887236,   14.572510,   70.151891,   55.544106,    0.020640,   -0.000190,  290.412052,   14.523000,    2.682040,   -9.480000,   74.000000,    0.000006,    9.998885,   -0.667174,   -0.397177,   -6.378804,   -2.548926,   53.947750,    0.878674,   -2.551139,    1.007372,   -0.000000,   -0.000000,    0.000003,   -0.000000,    0.000111,    0.000111,    0.000111,    0.000111,    0.000112,    0.000111
Mult,USC,220307 02:22:59.675915,   50.683783,   14.572510,   70.040664,   55.542848,    0.020480,   -0.000190,  290.293637,   14.514000,    2.279734,   -8.980000,   74.000000,    0.000006,    9.998891,   -0.663178,   -0.400978,   -6.343315,   -2.537693,   53.707169,    0.845776,   -2.599522,    1.005486,    0.000000,   -0.000000,   -0.000003,   -0.000000,    0.000111,    0.000111,    0.000111,    0.000111,    0.000110,    0.000111
Mult,USC,220307 02:22:59.775915,   50.933313,   14.572540,   70.094371,   55.490322,    0.020680,   -0.000190,  290.116015,   14.502000,    2.011530,   -8.520000,   75.000000,    0.000009,    9.998900,   -0.664647,   -0.395858,   -6.350092,   -2.530029,   53.728304,    0.870600,   -2.598187,    0.999489,    0.000000,   -0.000000,   -0.000001,    0.000003,    0.000110,    0.000112,    0.000111,    0.000110,    0.000111,    0.000111
Mult,USC,220307 02:22:59.875915,   50.136924,   14.572520,   70.049569,   55.589252,    0.020040,   -0.000200,  289.760771,   14.487000,    2.011530,   -8.930000,   75.000000,    0.000006,    9.998908,   -0.665265,   -0.390378,   -6.356579,   -2.531951,   53.825702,    0.947231,   -2.556098,    1.000826,    0.000000,    0.000000,   -0.000001,   -0.000002,    0.000111,    0.000110,    0.000109,    0.000111,    0.000110,    0.000110
Mult,USC,220307 02:22:59.975914,   50.315475,   14.572530,   70.125195,   55.507761,    0.020180,   -0.000200,  289.464734,   14.469000,    2.011530,   -8.720000,   75.000000,    0.000009,    9.998917,   -0.664123,   -0.392031,   -6.359144,   -2.558850,   53.829302,    0.883141,   -2.619867,    1.005093,   -0.000000,   -0.000000,    0.000001,    0.000002,    0.000110,    0.000111,    0.000111,    0.000111,    0.000110,    0.000111
Mult,USC,220307 02:23:00.075914,   49.611694,   14.572540,   70.111302,   55.504944,    0.019620,   -0.000200,  289.109490,   14.451000,    2.145632,   -9.550000,   75.000000,    0.000009,    9.998928,   -0.666873,   -0.377925,   -6.345766,   -2.524693,   53.726472,    0.854589,   -2.644536,    1.010529,    0.000000,   -0.000000,   -0.000000,    0.000003,    0.000111,    0.000110,    0.000109,    0.000110,    0.000111,    0.000110
Mult,USC,220307 02:23:00.175914,   49.625537,   14.572530,   70.132173,   55.554420,    0.019630,   -0.000210,  288.754246,   14.436000,    2.413836,   -9.990000,   74.000000,    0.000009,    9.998936,   -0.661845,   -0.371354,   -6.334683,   -2.537042,   53.619426,    0.762455,   -2.633537,    1.008562,   -0.000000,   -0.000000,    0.000003,    0.000000,    0.000109,    0.000109,    0.000109,    0.000110,    0.000109,    0.000109
Mult,USC,220307 02:23:00.275914,   49.772970,   14.572510,   70.055080,   55.517260,    0.019750,   -0.000200,  288.458209,   14.421000,    2.816142,    0.940000,   74.000000,    0.000009,    9.998949,   -0.660904,   -0.378065,   -6.340436,   -2.523456,   53.678486,    0.850850,   -2.613319,    1.021923,    0.000001,   -0.000000,   -0.000003,    0.000001,    0.000109,    0.000110,    0.000110,    0.000110,    0.000110,    0.000110
Mult,USC,220307 02:23:00.375914,   49.949720,   14.572500,   70.068764,   55.485432,    0.019890,   -0.000210,  288.221380,   14.415000,    3.352550,    1.730000,   74.000000,    0.000006,    9.998962,   -0.665295,   -0.379826,   -6.335442,   -2.533052,   53.591088,    0.884490,   -2.680839,    1.006927,    0.000000,   -0.000000,   -0.000002,    0.000002,    0.000111,    0.000110,    0.000110,    0.000110,    0.000110,    0.000110
Mult,USC,220307 02:23:00.475914,   49.923208,   14.572540,   70.039993,   55.555724,    0.019870,   -0.000210,  288.162172,   14.412000,    3.486652,    1.450000,   74.000000,    0.000009,    9.998971,   -0.657243,   -0.377757,   -6.310180,   -2.501129,   53.418865,    0.901851,   -2.657633,    0.927311,    0.000000,    0.000000,   -0.000002,   -0.000002,    0.000109,    0.000109,    0.000109,    0.000110,    0.000109,    0.000110
Mult,USC,220307 02:23:00.575914,   49.746277,   14.572550,   70.027839,   55.510485,    0.019730,   -0.000210,  288.102965,   14.409000,    3.352550,    1.260000,   74.000000,    0.000006,    9.998986,   -0.657238,   -0.377092,   -6.309043,   -2.525164,   53.350260,    0.810823,   -2.734626,    0.957504,    0.000000,   -0.000000,   -0.000003,   -0.000001,    0.000109,    0.000110,    0.000110,    0.000109,    0.000109,    0.000109
Mult,USC,220307 02:23:00.675914,   49.966133,   14.572550,   70.141351,   55.569834,    0.019900,   -0.000210,  288.162172,   14.409000,    3.218448,    1.100000,   74.000000,    0.000009,    9.998996,   -0.652683,   -0.377337,   -6.295338,   -2.496846,   53.235827,    0.802027,   -2.748105,    0.994244,   -0.000000,   -0.000000,    0.000003,   -0.000000,    0.000110,    0.000110,    0.000110,    0.000111,    0.000109,    0.000110
Mult,USC,220307 02:23:00.775914,   49.561657,   14.572540,   70.119810,   55.559915,    0.019580,   -0.000200,  288.162172,   14.412000,    3.218448,    1.120000,   74.000000,    0.000009,    9.999011,   -0.653515,   -0.379587,   -6.285860,   -2.489565,   53.216641,    0.844789,   -2.734436,    1.056564,   -0.000000,    0.000000,    0.000003,   -0.000000,    0.000109,    0.000109,    0.000109,    0.000109,    0.000109,    0.000109
Mult,USC,220307 02:23:11.675903,   50.063578,   14.572700,   70.091395,   55.550858,    0.019980,   -0.000210,  291.714613,   14.589000,    2.816142,    0.040000,   74.000000,    0.000006,   11.999070,   -0.752993,   -0.418775,   -6.798313,   -2.759783,   57.489952,    0.833785,   -3.406458,    1.007868,   -0.000000,   -0.000000,    0.000003,    0.000001,    0.000119,    0.000120,    0.000119,    0.000119,    0.000120,    0.000120
Mult,USC,220307 02:23:11.775903,   50.034799,   14.572730,   70.023544,   55.484175,    0.019960,   -0.000220,  291.714613,   14.589000,    2.816142,    0.230000,   74.000000,    0.000006,   11.999083,   -0.752817,   -0.420461,   -6.816956,   -2.687233,   57.629159,    0.954318,   -3.446703,    1.010839,    0.000000,   -0.000000,   -0.000001,    0.000003,    0.000120,    0.000119,    0.000119,    0.000120,    0.000120,    0.000119
Mult,USC,220307 02:23:11.875903,   50.374363,   14.572700,   70.065411,   55.508669,    0.020230,   -0.000210,  291.655406,   14.586000,    2.816142,    0.460000,   74.000000,    0.000006,   11.999096,   -0.759724,   -0.425476,   -6.820729,   -2.722632,   57.666778,    0.979199,   -3.457194,    0.988356,   -0.000000,   -0.000000,    0.000000,    0.000002,    0.000119,    0.000119,    0.000119,    0.000119,    0.000119,    0.000120
Mult,USC,220307 02:23:11.975903,   50.444103,   14.572720,   69.970675,   55.537703,    0.020290,   -0.000220,  291.596199,   14.586000,    2.950244,    0.610000,   74.000000,    0.000006,   11.999109,   -0.750790,   -0.426113,   -6.840930,   -2.708207,   57.794267,    1.042362,   -3.437929,    1.009527,    0.000000,   -0.000000,   -0.000003,   -0.000001,    0.000119,    0.000120,    0.000118,    0.000119,    0.000119,    0.000119
Mult,USC,220307 02:23:12.075903,   50.549989,   14.572630,   70.092066,   55.553745,    0.020370,   -0.000230,  291.596199,   14.580000,    2.816142,    0.110000,   74.000000,    0.000006,   11.999122,   -0.758365,   -0.425234,   -6.850781,   -2.726563,   57.962793,    0.899967,   -3.442825,    1.010925,   -0.000000,   -0.000000,    0.000003,    0.000001,    0.000118,    0.000118,    0.000118,    0.000119,    0.000118,    0.000118
Mult,USC,220307 02:23:12.175903,   50.545871,   14.572630,   70.016356,   55.484455,    0.020370,   -0.000230,  291.477784,   14.577000,    2.682040,   -9.910000,   74.000000,    0.000006,   11.999135,   -0.760273,   -0.427502,   -6.852594,   -2.720649,   57.910922,    0.903849,   -3.449691,    1.011526,    0.000000,   -0.000000,   -0.000001,    0.000002,    0.000118,    0.000119,    0.000119,    0.000119,    0.000118,    0.000119
Mult,USC,220307 02:23:12.275903,   50.611895,   14.572630,   70.090724,   55.543128,    0.020420,   -0.000230,  291.300162,   14.568000,    2.547938,   -9.660000,   74.000000,    0.000006,   11.999147,   -0.750139,   -0.420963,   -6.805396,   -2.729710,   57.576374,    0.964100,   -3.436213,    1.008894,   -0.000000,   -0.000000,    0.000002,    0.000002,    0.000119,    0.000118,    0.000118,    0.000118,    0.000119,    0.000119
Mult,USC,220307 02:23:12.375903,   50.547801,   14.572600,   70.051707,   55.497493,    0.020370,   -0.000230,  291.181747,   14.559000,    2.413836,   -9.480000,   74.000000,    0.000006,   11.999162,   -0.750351,   -0.415698,   -6.827024,   -2.761171,   57.705366,    1.018222,   -3.448102,    1.010096,    0.000000,   -0.000000,    0.000001,    0.000002,    0.000119,    0.000119,    0.000119,    0.000119,    0.000119,    0.000119
Mult,USC,220307 02:23:12.475903,   50.883350,   14.572580,   70.081483,   55.519170,    0.020640,   -0.000220,  290.944918,   14.547000,    2.413836,   -9.310000,   74.000000,    0.000006,   11.999175,   -0.736489,   -0.416652,   -6.768335,   -2.723589,   57.221124,    0.946325,   -3.392534,    1.010824,   -0.000000,   -0.000000,    0.000001,    0.000003,    0.000118,    0.000118,    0.000118,    0.000118,    0.000118,    0.000118
Mult,USC,220307 02:23:12.575902,   50.569001,   14.572560,   69.978030,   55.572139,    0.020390,   -0.000220,  290.708088,   14.535000,    2.279734,   -9.280000,   74.000000,    0.000006,   11.999188,   -0.740580,   -0.422028,   -6.794229,   -2.767799,   57.440279,    0.903124,   -3.445622,    1.007660,    0.000000,   -0.000000,   -0.000001,   -0.000003,    0.000118,    0.000118,    0.000119,    0.000119,    0.000119,    0.000118
Mult,USC,220307 02:23:12.675902,   50.337678,   14.572580,   70.074380,   55.510788,    0.020200,   -0.000210,  290.412052,   14.520000,    2.145632,   -8.960000,   74.000000,    0.000006,   11.999207,   -0.740416,   -0.419052,   -6.793539,   -2.725078,   57.432597,    0.893314,   -3.383188,    1.012121,   -0.000000,   -0.000001,    0.000001,    0.000002,    0.000118,    0.000119,    0.000119,    0.000118,    0.000119,    0.000119
Mult,USC,220307 02:23:12.775902,   50.125658,   14.572600,   70.077188,   55.568413,    0.020030,   -0.000200,  290.116015,   14.502000,    2.011530,   -8.950000,   75.000000,    0.000006,   11.999225,   -0.740136,   -0.414092,   -6.752981,   -2.709255,   57.120568,    0.937932,   -3.495722,    1.013176,   -0.000000,    0.000000,    0.000003,   -0.000001,    0.000118,    0.000117,    0.000118,    0.000118,    0.000117,    0.000118
Mult,USC,220307 02:23:12.875902,   50.175529,   14.572570,   70.075197,   55.524036,    0.020070,   -0.000200,  289.819978,   14.487000,    2.145632,   -9.320000,   74.000000,    0.000006,   11.999242,   -0.718100,   -0.396701,   -6.674883,   -2.598665,   56.372595,    0.988229,   -3.446512,    1.012011,   -0.000000,    0.000000,    0.000002,    0.000002,    0.000117,    0.000116,    0.000116,    0.000116,    0.000116,    0.000116
Mult,USC,220307 02:23:12.975902,   49.999439,   14.572550,   70.060026,   55.510136,    0.019930,   -0.000200,  289.523941,   14.472000,    2.413836,    0.000000,   74.000000,    0.000006,   11.999265,   -0.734360,   -0.413201,   -6.674944,   -2.605773,   56.426924,    0.886488,   -3.462025,    1.012897,   -0.000000,   -0.000000,    0.000001,    0.000003,    0.000116,    0.000117,    0.000116,    0.000117,    0.000116,    0.000116
Mult,USC,220307 02:23:13.075902,   49.922504,   14.572570,   70.030417,   55.486760,    0.019870,   -0.000200,  289.168697,   14.457000,    2.682040,    0.300000,   74.000000,    0.000006,   11.999289,   -0.730792,   -0.411976,   -6.680866,   -2.554956,   56.512417,    0.907254,   -3.421081,    1.014597,    0.000000,   -0.000000,   -0.000001,    0.000003,    0.000116,    0.000116,    0.000116,    0.000115,    0.000116,    0.000116
Mult,USC,220307 02:23:13.175902,   49.925270,   14.572570,   70.081651,   55.539542,    0.019870,   -0.000200,  288.991075,   14.448000,    2.816142,    0.450000,   74.000000,    0.000006,   11.999313,   -0.737860,   -0.413172,   -6.687165,   -2.591499,   56.565049,    0.950350,   -3.463233,    1.008709,   -0.000000,   -0.000000,    0.000001,    0.000002,    0.000118,    0.000116,    0.000117,    0.000117,    0.000117,    0.000117
Mult,USC,220307 02:23:13.275902,   49.994731,   14.572580,   69.968663,   55.538611,    0.019930,   -0.000200,  288.872661,   14.439000,    2.950244,    0.720000,   74.000000,    0.000006,   11.999343,   -0.733402,   -0.411904,   -6.698757,   -2.648585,   56.695239,    0.930763,   -3.523315,    1.006903,    0.000000,    0.000000,   -0.000003,   -0.000002,    0.000117,    0.000117,    0.000117,    0.000117,    0.000117,    0.000116
Mult,USC,220307 02:23:13.375902,   49.998872,   14.572580,   70.050282,   55.504920,    0.019930,   -0.000200,  288.695039,   14.433000,    3.084346,    0.910000,   74.000000,    0.000006,   11.999379,   -0.738835,   -0.407965,   -6.713101,   -2.603794,   56.820254,    0.937006,   -3.460627,    1.021908,    0.000000,   -0.000000,   -0.000001,    0.000002,    0.000117,    0.000117,    0.000117,    0.000117,    0.000117,    0.000118
Mult,USC,220307 02:23:13.475902,   50.096911,   14.572610,   70.004999,   55.585969,    0.020010,   -0.000210,  288.576624,   14.427000,    3.218448,    0.930000,   73.000000,    0.000006,   11.999420,   -0.725442,   -0.402218,   -6.700464,   -2.646103,   56.699410,    0.896106,   -3.462343,    1.012962,   -0.000000,    0.000000,    0.000001,   -0.000003,    0.000117,    0.000116,    0.000117,    0.000116,    0.000117,    0.000117
Mult,USC,220307 02:23:13.575901,   50.425306,   14.572570,   70.079870,   55.588623,    0.020270,   -0.000210,  288.517417,   14.424000,    3.084346,    0.810000,   73.000000,    0.000006,   11.999463,   -0.734029,   -0.409946,   -6.702796,   -2.599509,   56.728706,    0.894535,   -3.474678,    1.013857,   -0.000000,   -0.000000,    0.000003,    0.000001,    0.000116,    0.000116,    0.000117,    0.000116,    0.000116,    0.000116
